{
  "model": {
    "version": 2,
    "nodes": [{
      "name": "RootNode",
      "position": [0, 0, 0],
      "rotation": [0, 0, 0],
      "scale": [1, 1, 1],
      "scaleCompensation": false
    }, {
      "name": "Merged_Meshes",
      "position": [0, 0, -0.1],
      "rotation": [90, 0, 0],
      "scale": [1, 1, 1],
      "scaleCompensation": false
    }],
    "parents": [-1, 0],
    "skins": [],
    "morphs": [],
    "vertices": [{
      "position": {
        "type": "float32",
        "components": 3,
        "data": [0.375, -0.4002, -0.375, 0.375, 0.3998, 0.375, 0.375, -0.4002, 0.375, 0.375, 0.3998, -0.375, -0.375, -0.4002, 0.375, -0.375, 0.3998, 0.375, -0.375, 0.3998, -0.375, -0.375, -0.4002, -0.375, 0.375, 0.3998, 0.375, -0.375, 0.3998, -0.375, -0.375, 0.3998, 0.375, 0.375, 0.3998, -0.375, 0.375, -0.4002, 0.375, -0.375, -0.4002, 0.375, 0.375, -0.4002, -0.375, -0.375, -0.4002, -0.375, 0.375, 0.3998, 0.375, -0.375, 0.3998, 0.375, 0.375, -0.4002, 0.375, -0.375, -0.4002, 0.375, -0.375, -0.4002, -0.375, 0.375, 0.3998, -0.375, 0.375, -0.4002, -0.375, -0.375, 0.3998, -0.375, 0.568198, 0.306813, -0.4, 0.00251262, 0.872498, 0.4, 0.568198, 0.306813, 0.4, 0.00251262, 0.872498, -0.4, 0.497487, 0.236102, 0.4, -0.0681981, 0.801787, 0.4, -0.0681981, 0.801787, -0.4, 0.497487, 0.236102, -0.4, 0.00251262, 0.872498, 0.4, -0.0681981, 0.801787, -0.4, -0.0681981, 0.801787, 0.4, 0.00251262, 0.872498, -0.4, 0.568198, 0.306813, -0.4, 0.568198, 0.306813, 0.4, 0.497487, 0.236102, 0.4, 0.497487, 0.236102, -0.4, 0.568198, 0.306813, 0.4, -0.0681981, 0.801787, 0.4, 0.497487, 0.236102, 0.4, 0.00251262, 0.872498, 0.4, -0.0681981, 0.801787, -0.4, 0.568198, 0.306813, -0.4, 0.497487, 0.236102, -0.4, 0.00251262, 0.872498, -0.4, -0.497487, 0.236102, 0.4, -0.497487, 0.236102, -0.4, 0.0681981, 0.801787, 0.4, 0.0681981, 0.801787, -0.4, -0.568198, 0.306813, 0.4, -0.00251262, 0.872498, 0.4, -0.00251262, 0.872498, -0.4, -0.568198, 0.306813, -0.4, 0.0681981, 0.801787, 0.4, -0.00251262, 0.872498, -0.4, -0.00251262, 0.872498, 0.4, 0.0681981, 0.801787, -0.4, -0.497487, 0.236102, -0.4, -0.497487, 0.236102, 0.4, -0.568198, 0.306813, 0.4, -0.568198, 0.306813, -0.4, 0.0681981, 0.801787, 0.4, -0.568198, 0.306813, 0.4, -0.497487, 0.236102, 0.4, -0.00251262, 0.872498, 0.4, -0.568198, 0.306813, -0.4, -0.00251262, 0.872498, -0.4, 0.0681981, 0.801787, -0.4, -0.497487, 0.236102, -0.4]
      },
      "normal": {
        "type": "float32",
        "components": 3,
        "data": [1.33333, 0, 0, 1.33333, 0, 0, 1.33333, 0, 0, 1.33333, 0, 0, -1.33333, 0, 0, -1.33333, 0, 0, -1.33333, 0, 0, -1.33333, 0, 0, 0, 1.25, 0, 0, 1.25, 0, 0, 1.25, 0, 0, 1.25, 0, 0, -1.25, 0, 0, -1.25, 0, 0, -1.25, 0, 0, -1.25, 0, 0, 0, 1.33333, 0, 0, 1.33333, 0, 0, 1.33333, 0, 0, 1.33333, 0, 0, -1.33333, 0, 0, -1.33333, 0, 0, -1.33333, 0, 0, -1.33333, 7.07107, 7.07107, 0, 7.07107, 7.07107, 0, 7.07107, 7.07107, 0, 7.07107, 7.07107, 0, -7.07107, -7.07107, 0, -7.07107, -7.07107, 0, -7.07107, -7.07107, 0, -7.07107, -7.07107, 0, -0.883883, 0.883883, 0, -0.883883, 0.883883, 0, -0.883883, 0.883883, 0, -0.883883, 0.883883, 0, 0.883883, -0.883883, 0, 0.883883, -0.883883, 0, 0.883883, -0.883883, 0, 0.883883, -0.883883, 0, 0, 0, 1.25, 0, 0, 1.25, 0, 0, 1.25, 0, 0, 1.25, 0, 0, -1.25, 0, 0, -1.25, 0, 0, -1.25, 0, 0, -1.25, 7.07107, -7.07107, 0, 7.07107, -7.07107, 0, 7.07107, -7.07107, 0, 7.07107, -7.07107, 0, -7.07107, 7.07107, 0, -7.07107, 7.07107, 0, -7.07107, 7.07107, 0, -7.07107, 7.07107, 0, 0.883883, 0.883883, 0, 0.883883, 0.883883, 0, 0.883883, 0.883883, 0, 0.883883, 0.883883, 0, -0.883883, -0.883883, 0, -0.883883, -0.883883, 0, -0.883883, -0.883883, 0, -0.883883, -0.883883, 0, 0, 0, 1.25, 0, 0, 1.25, 0, 0, 1.25, 0, 0, 1.25, 0, 0, -1.25, 0, 0, -1.25, 0, 0, -1.25, 0, 0, -1.25]
      },
      "texCoord0": {
        "type": "float32",
        "components": 2,
        "data": [1, 0, 0, 1, 0, 0, 1, 1, 1, 0, 1, 1, 0, 1, 0, 0, 1, 0, 0, 1, 0, 0, 1, 1, 1, 1, 0, 1, 1, 0, 0, 0, 1, 1, 0, 1, 1, 0, 0, 0, 1, 0, 0, 1, 0, 0, 1, 1, 1, 0, 0, 1, 0, 0, 1, 1, 1, 0, 1, 1, 0, 1, 0, 0, 1, 0, 0, 1, 0, 0, 1, 1, 1, 0, 1, 1, 0, 1, 0, 0, 1, 0, 0, 1, 0, 0, 1, 1, 1, 1, 0, 0, 1, 0, 0, 1, 0, 0, 1, 0, 0, 1, 1, 1, 1, 0, 1, 1, 0, 1, 0, 0, 1, 0, 0, 1, 0, 0, 1, 1, 1, 0, 1, 1, 0, 1, 0, 0, 1, 1, 0, 0, 1, 0, 0, 1, 1, 0, 1, 1, 0, 1, 0, 0]
      }
    }],
    "meshes": [{
      "aabb": {
        "min": [-0.568198, -0.4002, -0.4],
        "max": [0.568198, 0.872498, 0.4]
      },
      "vertices": 0,
      "indices": [0, 1, 2, 1, 0, 3, 4, 5, 6, 4, 6, 7, 8, 9, 10, 9, 8, 11, 12, 13, 14, 13, 15, 14, 16, 17, 18, 17, 19, 18, 20, 21, 22, 21, 20, 23, 24, 25, 26, 25, 24, 27, 28, 29, 30, 28, 30, 31, 32, 33, 34, 33, 32, 35, 36, 37, 38, 38, 39, 36, 40, 41, 42, 41, 40, 43, 44, 45, 46, 45, 44, 47, 48, 49, 50, 50, 49, 51, 52, 53, 54, 52, 54, 55, 56, 57, 58, 57, 56, 59, 60, 61, 62, 62, 63, 60, 64, 65, 66, 65, 64, 67, 68, 69, 70, 70, 71, 68],
      "type": "triangles",
      "base": 0,
      "count": 108
    }],
    "meshInstances": [{
      "node": 1,
      "mesh": 0
    }]
  }
}
